{"avgTotalDistance":9.499393,"avgElevation":96.78249,"avgTotalTime":2702500}