{"avgTotalDistance":2.525567,"avgElevation":6.0550003,"avgTotalTime":2635000}