{"avgTotalDistance":7.335133,"avgElevation":55.745003,"avgTotalTime":2433000}