{"avgTotalDistance":15.172056,"avgElevation":71.63999,"avgTotalTime":5217000}