{"avgTotalDistance":10.642612,"avgElevation":31.505001,"avgTotalTime":15179000}