{"avgTotalDistance":13.182482,"avgElevation":55.477493,"avgTotalTime":4627750}